condition,repetition,seed,run_id,head_hash,final_state_hash,ticks_run,termination,invariants_failed,accepted_proposals,commit_rate,committed,convergence_tick,degraded_evidence_commits,deterministic_rejection_rate,faults_injected,goals_reached,goals_total,human_approved,human_reviews,human_state_coupling,judgment_calls,judgment_disagreement_rate,judgment_disagreements,judgment_unavailable,max_operator_load,mean_judgment_latency_ms,mean_observation_age_ms,mean_operator_load,min_pairwise_distance,network_calls,proposals,recovery_ticks,rejected_proposals,resonance.coherence,resonance.convergence,resonance.disagreement,resonance.recovery,resonance.stability,resonance.uncertainty,safe_rejections,separation_breaches,task_success,ticks_at_high_load,ticks_run,unsafe_commits,unsafe_proposals,unsafe_proposals_blocked,unstable_commits,withheld
gating_off,0,209512651886917,human-state-adaptation.gating_off.r000.s209512651886917,sha256:aed52c3ad3a421711a6844987809670c80fdcfc08ad164787573a345fd875ee3,sha256:eabd3be038e2ce85e5aa134fa9f515516ac2d9f36df74555d43a6158e1519da6,70,max_ticks,,177,0.983333,177,42,0,0.016667,0,1,1,0,0,0.052292,0,,0,0,0.9887,,0,0.42783,3.901871,0,180,,3,0.24614,1,0.019737,,0.977011,0,3,0,1,19,70,0,0,0,4,0
gating_off,1,206224540567593,human-state-adaptation.gating_off.r001.s206224540567593,sha256:9eba4465180f9a1ac397f574eb98ccd0872f9f9acc35ed3de50ebdb0475d6cab,sha256:5823a386b208be9f30d23176d9fa8e959e20a91237df7058dafb7b75f0fccfa7,70,max_ticks,,175,0.977654,175,42,0,0.022346,0,1,1,0,0,0.110122,0,,0,0,0.9868,,0,0.4309,3.515601,0,179,,4,0.252541,1,0.033333,,0.988372,0,4,0,1,19,70,0,0,0,2,0
gating_off,2,80153829221268,human-state-adaptation.gating_off.r002.s80153829221268,sha256:589997d93d3fcb490e05fecf60f5131be9fab4bd30533023958927ccc63cd180,sha256:8da6b73a9ed227cf54f15e0165c03b200929780371d5f4e30bf873953d039918,70,max_ticks,,177,0.983333,177,41,0,0.016667,0,1,1,0,0,0.191252,0,,0,0,0.9882,,0,0.429287,3.44565,0,180,,3,0.235698,1,0.02649,,0.965517,0,3,0,1,19,70,0,0,0,6,0
gating_off,3,133396325087927,human-state-adaptation.gating_off.r003.s133396325087927,sha256:bab82d1dfe385adffcb2926dbce884f99e267f58704cf862875fc6e99a10ec11,sha256:f45a728d2e7a55107306a9cbdb8be5dfe9941bf596136df843790436b23ef1c2,70,max_ticks,,175,0.977654,175,42,0,0.022346,0,1,1,0,0,0.10774,0,,0,0,0.99,,0,0.430869,3.628246,0,179,,4,0.258385,1,0.033333,,0.988372,0,4,0,1,19,70,0,0,0,2,0
gating_off,4,275964127463066,human-state-adaptation.gating_off.r004.s275964127463066,sha256:869bbb8dfd669c43551c9ff5868260bc43ff7f7d6043dc9de7833a1946d0fc6b,sha256:a47d117d56ad8ba62fd735ef4ff1c5a0356239c5de97de594b0944afdab02b11,70,max_ticks,,175,0.977654,175,42,0,0.022346,0,1,1,0,0,0.114675,0,,0,0,0.9842,,0,0.430551,3.30848,0,179,,4,0.240559,1,0.033333,,0.988372,0,4,0,1,19,70,0,0,0,2,0
gating_off,5,79790914161492,human-state-adaptation.gating_off.r005.s79790914161492,sha256:9d16fa59b845a1fe16d306fe3ff3e96a528b7a64f9b18e51d051c593b4830348,sha256:a124d0e34405124d344eb1d10ba527ca7bfa582f34b5722d13b6362b4624c91b,70,max_ticks,,173,0.96648,173,44,0,0.03352,0,1,1,0,0,0.189987,0,,0,0,0.9877,,0,0.43367,3.39824,0,179,,6,0.266033,1,0.05298,,0.976471,0,6,0,1,19,70,0,0,0,4,0
gating_off,6,71458372685470,human-state-adaptation.gating_off.r006.s71458372685470,sha256:db49cb9af713c1f36daaf35f8dde7a57f09283e78a167b2f1258ac0de1d11720,sha256:bf39a666684271175c6c0523185ea78db909877cdb839b614c1f677f2022b6bf,70,max_ticks,,177,0.983333,177,42,0,0.016667,0,1,1,0,0,0.052242,0,,0,0,0.9923,,0,0.428919,3.812163,0,180,,3,0.236837,1,0.019737,,0.988506,0,3,0,1,19,70,0,0,0,2,0
gating_off,7,235410597692046,human-state-adaptation.gating_off.r007.s235410597692046,sha256:519b6b558a9053bf198045bdfbbec5d751f25556cb0dba3ce57dfba08fb560cb,sha256:9adaf4c0f1232763ddbe0880d3232a876850c5353038567088d80eb5d3deebd4,70,max_ticks,,179,0.98895,179,42,0,0.01105,0,1,1,0,0,0.134629,0,,0,0,0.99,,0,0.427746,3.65958,0,181,,2,0.233734,1,0.019608,,0.982955,0,2,0,1,19,70,0,0,0,3,0
gating_off,8,32879562245021,human-state-adaptation.gating_off.r008.s32879562245021,sha256:dae8167e27ee6e7a0999fbae6a034517493bd25824ceb4a559f98306e484b265,sha256:c6c02adeba50c8a86f313ebdbbd629c3ebd7d1ebd62eb217740b06ceeac9ac2d,70,max_ticks,,179,0.98895,179,42,0,0.01105,0,1,1,0,0,0.132278,0,,0,0,0.9843,,0,0.426973,3.921384,0,181,,2,0.216235,1,0.019608,,0.982955,0,2,0,1,19,70,0,0,0,3,0
gating_off,9,60211891500110,human-state-adaptation.gating_off.r009.s60211891500110,sha256:1e865e9dba64477d9e04c373b4e48261bdefc733c8fc76729f5ef70376a07a1e,sha256:cb0dd046f0a2ddb2b16a1e030063e31ae4a029e29e8389c7120805d2a5166d44,70,max_ticks,,177,0.977901,177,44,0,0.022099,0,1,1,0,0,0.14713,0,,0,0,0.9909,,0,0.431874,3.362405,0,181,,4,0.328702,1,0.03268,,0.982759,0,4,0,1,19,70,0,0,0,3,0
gating_off,10,264142007851285,human-state-adaptation.gating_off.r010.s264142007851285,sha256:4fd62bc59f8ee716d3c24581fa0f2ddbd1b569d6efd2a0d0c575201f93699cbf,sha256:6796e7178326e46e19b8b7a4a8ee322045689fc8a53d62555715900034fb305d,70,max_ticks,,179,0.98895,179,41,0,0.01105,0,1,1,0,0,0.135019,0,,0,0,0.9893,,0,0.427064,3.219515,0,181,,2,0.233464,1,0.013072,,0.982955,0,2,0,1,19,70,0,0,0,3,0
gating_off,11,54281768369695,human-state-adaptation.gating_off.r011.s54281768369695,sha256:e5d231c0f16b3b36b48f5bee751fadc3a9dd6b14878bf47581cdeb5d0b48c8c2,sha256:79c3fa37bdf407c4a4b39a75c37c2f354c95ee62eaf3fe59be7cd276c0ba90a2,70,max_ticks,,178,0.983425,178,42,0,0.016575,0,1,1,0,0,0.054021,0,,0,0,0.9865,,0,0.428364,3.666063,0,181,,3,0.226962,1,0.025974,,0.982857,0,3,0,1,19,70,0,0,0,3,0
gating_off,12,262267637497716,human-state-adaptation.gating_off.r012.s262267637497716,sha256:6faa8119771ccb48847749a491517a9e30873e43afa3babb34533a25c8a9449f,sha256:80a755cefb7e5e21426b9977cb3da0e753a799a626ca0c78e4601ed5c081e14a,70,max_ticks,,179,0.98895,179,42,0,0.01105,0,1,1,0,0,0.134002,0,,0,0,0.987,,0,0.428197,3.075597,0,181,,2,0.229973,1,0.019608,,0.982955,0,2,0,1,19,70,0,0,0,3,0
gating_off,13,78862091525878,human-state-adaptation.gating_off.r013.s78862091525878,sha256:edd311dbbe054ed8ecfdbbbba17c30f656ab2b9c75ad1e740ee221879460f5f3,sha256:458103866a55586dc3558498c41cd3c65e750da124aca3a4fc2af8b39d285ffc,70,max_ticks,,179,0.98895,179,42,0,0.01105,0,1,1,0,0,0.133763,0,,0,0,0.9925,,0,0.427034,3.991337,0,181,,2,0.233216,1,0.019608,,0.982955,0,2,0,1,19,70,0,0,0,3,0
gating_off,14,83640665882334,human-state-adaptation.gating_off.r014.s83640665882334,sha256:dc1ad57a78b64e6f3eb2db696374d81664f045e9ed2315eb42a71122fe80f255,sha256:3bb1743075a3c56beef7e9aa8e73c1dd7a2a9562e1516d603682f20c86f2b701,70,max_ticks,,177,0.983333,177,41,0,0.016667,0,1,1,0,0,0.190741,0,,0,0,0.9913,,0,0.430293,3.527059,0,180,,3,0.236287,1,0.02649,,0.988506,0,3,0,1,19,70,0,0,0,2,0
gating_off,15,140046669539250,human-state-adaptation.gating_off.r015.s140046669539250,sha256:7b22257af5a5838061838d41734164b534ee85677de040c925be8779958f68f1,sha256:702b5a49d9e92b865bf2ae9c5b9e31bb17613dff6d2ea1a32fbba2c25b89bcdf,70,max_ticks,,177,0.983333,177,42,0,0.016667,0,1,1,0,0,0.053526,0,,0,0,0.9885,,0,0.427257,3.774266,0,180,,3,0.223436,1,0.026316,,0.982759,0,3,0,1,19,70,0,0,0,3,0
gating_off,16,134920221817483,human-state-adaptation.gating_off.r016.s134920221817483,sha256:2c1831e47298d0971badcdf4e14f1c873029e7318c20d03ebcc9627a96b0f752,sha256:4a467d62210ce8c246a5a326548054dfbfb0e1a49eb1432da0633cff411bed30,70,max_ticks,,177,0.983333,177,42,0,0.016667,0,1,1,0,0,0.051672,0,,0,0,0.9905,,0,0.428303,3.453253,0,180,,3,0.224669,1,0.026316,,0.982759,0,3,0,1,19,70,0,0,0,3,0
gating_off,17,216619147106273,human-state-adaptation.gating_off.r017.s216619147106273,sha256:9a4d063d7d9a2fc59fa86e0a33942c1fdda8e2a4e00f9f25858af7a381d78fa3,sha256:774d0c7bc746ad126e116531075246da2cf4dc08a2d53531e4f7ff17da573891,70,max_ticks,,177,0.983333,177,42,0,0.016667,0,1,1,0,0,0.053338,0,,0,0,0.9904,,0,0.428949,3.551945,0,180,,3,0.215312,1,0.019737,,0.977011,0,3,0,1,19,70,0,0,0,4,0
gating_off,18,153662854534877,human-state-adaptation.gating_off.r018.s153662854534877,sha256:3f8b5492de939f0aaf54bc0b787bfba11ff9dd72006864d94b40c54328e5df3a,sha256:79bd905f354fb844bdeee33d2bdff4f863d77aff467adff150cc9e4a7a9a5057,70,max_ticks,,182,0.98913,182,44,0,0.01087,0,1,1,0,0,0.2084,0,,0,0,0.9898,,0,0.425984,3.237492,0,184,,2,0.291148,1,0.012658,,0.977654,0,2,0,1,19,70,0,0,0,4,0
gating_off,19,190200393866763,human-state-adaptation.gating_off.r019.s190200393866763,sha256:9b32d311a3ea108c1d3dacc27f472385b9f7563949cf2f58e79affdac4d5b225,sha256:54ca7fa8a313f6fa381ed8a66b971dec228d60324e78bf8e25e29807a5970b3a,70,max_ticks,,178,0.983425,178,42,0,0.016575,0,1,1,0,0,0.052384,0,,0,0,0.9927,,0,0.428409,3.283008,0,181,,3,0.223378,1,0.025974,,0.982857,0,3,0,1,19,70,0,0,0,3,0
gating_off,20,61276084987531,human-state-adaptation.gating_off.r020.s61276084987531,sha256:a1f1955dd93f2a35fb367ecdb7def35f330ad48ac260b217d33bd2d5ad9131de,sha256:05f7054a548cda03d6d047c78ecef9003fb321ec8a769989befb8d98a4069880,70,max_ticks,,182,0.98913,182,44,0,0.01087,0,1,1,0,0,0.215577,0,,0,0,0.9853,,0,0.426936,3.01758,0,184,,2,0.247598,1,0.012658,,0.988827,0,2,0,1,18,70,0,0,0,2,0
gating_off,21,165483914360488,human-state-adaptation.gating_off.r021.s165483914360488,sha256:8157b56542416c34a404ec7c263164bc7348aebbbc70a17952c86e98b0ca7571,sha256:969903d2fe250c557c0832fa0d25b621f938698203dc9609d6f899f55b31d076,70,max_ticks,,178,0.983425,178,43,0,0.016575,0,1,1,0,0,0.194887,0,,0,0,0.9894,,0,0.430064,3.453198,0,181,,3,0.278721,1,0.026144,,0.982857,0,3,0,1,19,70,0,0,0,3,0
gating_off,22,127182783615358,human-state-adaptation.gating_off.r022.s127182783615358,sha256:0ba24889cb43e3f54459038889cae2eef6dc763e0e40ba9a8404c4fb72912dec,sha256:f7b711682a1da0931008fcedb2e262171842b40c9164307c464303b3c3feb48d,70,max_ticks,,177,0.983333,177,41,0,0.016667,0,1,1,0,0,0.195287,0,,0,0,0.9931,,0,0.430853,3.103565,0,180,,3,0.23426,1,0.019868,,0.988506,0,3,0,1,19,70,0,0,0,2,0
gating_off,23,250275241738711,human-state-adaptation.gating_off.r023.s250275241738711,sha256:f82d366af1ea3b600e82c96ed92882825f1c186b4575a1172ab5c3a24c374d6d,sha256:eb2f66ed144a83fa3d58e98e58fc786291980c4fc70b4d2dd7a751e7f9ade1bf,70,max_ticks,,178,0.978022,178,44,0,0.021978,0,1,1,0,0,0.110451,0,,0,0,0.9892,,0,0.430264,3.453936,0,182,,4,0.273445,1,0.032051,,0.982857,0,4,0,1,19,70,0,0,0,3,0
gating_off,24,261963715165546,human-state-adaptation.gating_off.r024.s261963715165546,sha256:5c507a2070939adb28c3f5b67ff0183673bdcfb6db81cbcdfe39604df41946ad,sha256:654444938c5bdc069adfcd9faff18c32ea6e3f629fc571d02955349af0ddebb5,70,max_ticks,,177,0.983333,177,41,0,0.016667,0,1,1,0,0,0.050446,0,,0,0,0.9862,,0,0.427853,3.801791,0,180,,3,0.214601,1,0.019737,,0.988506,0,3,0,1,19,70,0,0,0,2,0
gating_off,25,257937908119295,human-state-adaptation.gating_off.r025.s257937908119295,sha256:2bd8ae8fbe5c11ebfcd505cba8f7f54e71cddcaa5a5575c2c297564b5bb85055,sha256:fb55f10e585102f6634b13895b726538f0622a2a31f36ee018706e0df0113e39,70,max_ticks,,179,0.98895,179,42,0,0.01105,0,1,1,0,0,0.13045,0,,0,0,0.99,,0,0.42806,4.652298,0,181,,2,0.224377,1,0.013072,,0.988636,0,2,0,1,19,70,0,0,0,2,0
gating_off,26,198210665066436,human-state-adaptation.gating_off.r026.s198210665066436,sha256:9a9ac7f3072d66f2fb5ed3d3e8ec01cd34d44a99eadeb6f1c597bcf0ee575c3a,sha256:b3ca3987db174ec072849842d4c96d86bbd1ce2d5aceee45bdcaad81d91e8b4c,70,max_ticks,,178,0.978022,178,45,0,0.021978,0,1,1,0,0,0.109027,0,,0,0,0.9897,,0,0.430856,3.746638,0,182,,4,0.282537,1,0.032051,,0.982857,0,4,0,1,19,70,0,0,0,3,0
gating_off,27,150124373855844,human-state-adaptation.gating_off.r027.s150124373855844,sha256:fcfe90dd85c686a5e1a1829928f06e5a343b65d14fc336071def4a2dd7b2fb46,sha256:02cac94b3fd18edc1d0b52323c2767b9bfe592541d169a72e4fee92fd5d7c76b,70,max_ticks,,175,0.977654,175,41,0,0.022346,0,1,1,0,0,0.11135,0,,0,0,0.9876,,0,0.43026,3.664472,0,179,,4,0.226576,1,0.026667,,0.988372,0,4,0,1,19,70,0,0,0,2,0
gating_off,28,138430690671781,human-state-adaptation.gating_off.r028.s138430690671781,sha256:ec1abd286a92ef5712e598423f823a10f58424a0df8060b5fc3988b9412fb258,sha256:17612f5aeabf86f3b830e26e75587e2159a19a34efafb8446f1ce69f833b5a7e,70,max_ticks,,175,0.977654,175,42,0,0.022346,0,1,1,0,0,0.110172,0,,0,0,0.9895,,0,0.429743,3.337561,0,179,,4,0.261841,1,0.033333,,0.988372,0,4,0,1,19,70,0,0,0,2,0
gating_off,29,61140601441707,human-state-adaptation.gating_off.r029.s61140601441707,sha256:45155e552ba233f7deda047e08fe39adae449c316a686455935f392c2ae4f139,sha256:995ae49010d0239d35123ab9ef9a84d2acf43b556da2535118441c1d0ad074bc,70,max_ticks,,179,0.983516,179,44,0,0.016484,0,1,1,0,0,0.081546,0,,0,0,0.9924,,0,0.429013,3.567555,0,182,,3,0.253368,1,0.019355,,0.988636,0,3,0,1,19,70,0,0,0,2,0
gating_off,30,249516937775013,human-state-adaptation.gating_off.r030.s249516937775013,sha256:a5e38ae1fc40a01f79d5944e7718de28125d59c4f424f74b6fdc6f82cbb6cae4,sha256:9cf302f9f2ea44a3d65f4b0b30ff139eebe54398a31dee04d1e599bb0fa058bb,70,max_ticks,,177,0.983333,177,41,0,0.016667,0,1,1,0,0,0.074038,0,,0,0,0.9923,,0,0.429063,3.290318,0,180,,3,0.269661,1,0.019868,,0.988506,0,3,0,1,19,70,0,0,0,2,0
gating_off,31,149075997398362,human-state-adaptation.gating_off.r031.s149075997398362,sha256:15fcbd0238346a88835dc034f84d730d75951d01fb2017176e8e002790ae8b8a,sha256:d383de807b8077e91a4ae3bec1cb2ff61ae1bc626a6f5443072a3f0ff7dfa0ab,70,max_ticks,,177,0.983333,177,42,0,0.016667,0,1,1,0,0,0.195784,0,,0,0,0.9851,,0,0.429693,3.854344,0,180,,3,0.237835,1,0.02649,,0.988506,0,3,0,1,19,70,0,0,0,2,0
gating_off,32,206777490093124,human-state-adaptation.gating_off.r032.s206777490093124,sha256:f11547bcd858d21cd31dc56d6b5da8b768b7856dc975e184489a5b4e9e24e43a,sha256:bb5d079110c02e0447ddb1dbc7618f93bed22d762a020ea374309e46f7ae7547,70,max_ticks,,176,0.98324,176,41,0,0.01676,0,1,1,0,0,0.050953,0,,0,0,0.9906,,0,0.427971,3.203207,0,179,,3,0.221373,1,0.02,,0.976879,0,3,0,1,19,70,0,0,0,4,0
gating_off,33,6420649136846,human-state-adaptation.gating_off.r033.s6420649136846,sha256:cb51278c03fc7ed191c504a5497f98b956058a4677e772af2be583d2f0bc23f5,sha256:4fafeb4f483ac5f4bf029db4f07a8cc327684c59ebfc6fb42b9745ff3e4fddec,70,max_ticks,,181,0.989071,181,44,0,0.010929,0,1,1,0,0,0.212905,0,,0,0,0.985,,0,0.426994,3.720343,0,183,,2,0.259814,1,0.012821,,0.983146,0,2,0,1,19,70,0,0,0,3,0
gating_off,34,99472766075293,human-state-adaptation.gating_off.r034.s99472766075293,sha256:26918282401cc927f943f220ca0dea79b6a37b68d5d6c9f19158db7ded59a1c7,sha256:a8b3ed44f2fffaae1cf22cbae6a29daf22bd2e127e2cc4e5c092aefd3b408d3a,70,max_ticks,,175,0.972222,175,44,0,0.027778,0,1,1,0,0,0.236996,0,,0,0,0.9895,,0,0.435373,3.482664,0,180,,5,0.246896,1,0.046053,,0.976744,0,5,0,1,19,70,0,0,0,4,0
gating_off,35,89618050816368,human-state-adaptation.gating_off.r035.s89618050816368,sha256:d1fe408c8f72caf74dd3c8e544e972a17a751ea3362226fc96f3f31dfd9d3095,sha256:6b112162b87d613004448642722648f874083d97193832ba8962d05d7daee436,70,max_ticks,,177,0.983333,177,42,0,0.016667,0,1,1,0,0,0.195909,0,,0,0,0.9921,,0,0.429567,3.213699,0,180,,3,0.24082,1,0.019868,,0.988506,0,3,0,1,19,70,0,0,0,2,0
gating_off,36,38142746923832,human-state-adaptation.gating_off.r036.s38142746923832,sha256:080c652103bd5934526ef6fed94d22d764d59ddd82c9bdbaf5cf280a8764174c,sha256:2f819dc7f89f68edb39cb640e2435ed1b9de8eedb080e91f3c4516b4d159387c,70,max_ticks,,182,0.98913,182,44,0,0.01087,0,1,1,0,0,0.207152,0,,0,0,0.9841,,0,0.428086,3.015562,0,184,,2,0.287932,1,0.012658,,0.977654,0,2,0,1,19,70,0,0,0,4,0
gating_off,37,18991285076314,human-state-adaptation.gating_off.r037.s18991285076314,sha256:9972f08d6d363da565536b84e67be82f4c87dc3655ee384e44ea735972644f42,sha256:3f02909fcd450dc5a14ed745d1e13ea1cd284f8601a9b9804683ac28179c0712,70,max_ticks,,177,0.983333,177,41,0,0.016667,0,1,1,0,0,0.191982,0,,0,0,0.9883,,0,0.429127,3.721446,0,180,,3,0.234546,1,0.02649,,0.988506,0,3,0,1,19,70,0,0,0,2,0
gating_off,38,99443802667412,human-state-adaptation.gating_off.r038.s99443802667412,sha256:89577a0ca86c9180e8f7c04679a7af17645b2ff8f72adeee5a1b4868c565393c,sha256:ad02ccb0ef9676c916900db49ad08bf8833df96bdc2084018c028badbd8940bc,70,max_ticks,,177,0.977901,177,44,0,0.022099,0,1,1,0,0,0.107775,0,,0,0,0.9919,,0,0.430294,3.79469,0,181,,4,0.272282,1,0.032468,,0.988506,0,4,0,1,19,70,0,0,0,2,0
gating_off,39,224187169535079,human-state-adaptation.gating_off.r039.s224187169535079,sha256:61850fe75e70d791a234d4cb070a3cffc7de409e472bbb1b268d1c8ee6f74a3e,sha256:0fa0737c4cfbe3f51a1c0d135f5e9bd7aae9bb12251b37321c866e680a80a534,70,max_ticks,,176,0.977778,176,42,0,0.022222,0,1,1,0,0,0.109052,0,,0,0,0.9922,,0,0.429583,3.434278,0,180,,4,0.26968,1,0.032895,,0.988439,0,4,0,1,19,70,0,0,0,2,0
gating_off,40,46161781843096,human-state-adaptation.gating_off.r040.s46161781843096,sha256:f30075bc886899b6e25821b60af921d15586088cfce298c1a3ba77044223337d,sha256:cf7a2b225901b4076d74ff788609efdbe5e9af2b1271c43e9333d1cc15125082,70,max_ticks,,174,0.977528,174,41,0,0.022472,0,1,1,0,0,0.110985,0,,0,0,0.987,,0,0.429364,3.041696,0,178,,4,0.255667,1,0.027027,,0.988304,0,4,0,1,19,70,0,0,0,2,0
gating_off,41,106429728649121,human-state-adaptation.gating_off.r041.s106429728649121,sha256:465f26417de7e44d03abee3bc80b14a023c58958fd9dbc536406d55b04d91378,sha256:8480d97432ff25f4a8c6580f7e0b966687694a6190be379f6db43e40a172a0a6,70,max_ticks,,177,0.983333,177,42,0,0.016667,0,1,1,0,0,0.053717,0,,0,0,0.992,,0,0.42805,3.38108,0,180,,3,0.217823,1,0.019737,,0.982759,0,3,0,1,19,70,0,0,0,3,0
gating_off,42,238459529341382,human-state-adaptation.gating_off.r042.s238459529341382,sha256:a59935afb1225284172cf5a9bf85ba83733c5e9ea60d9c65ef602767b075d67c,sha256:d879b5bc047611cff3edc45c5ba6224dd2122fe27ab27828b7a07280e92410d0,70,max_ticks,,176,0.977778,176,42,0,0.022222,0,1,1,0,0,0.110641,0,,0,0,0.9873,,0,0.431036,3.864036,0,180,,4,0.268226,1,0.032895,,0.988439,0,4,0,1,19,70,0,0,0,2,0
gating_off,43,129265943656420,human-state-adaptation.gating_off.r043.s129265943656420,sha256:33db804ac32677f0271897685ab3f5c452a01ba29584781c2205e7c95f7116f0,sha256:3767c002f3966de0a7b7caa13d7a9cb64c6a0b1069d21bdab813e5354ebd2889,70,max_ticks,,177,0.977901,177,44,0,0.022099,0,1,1,0,0,0.210529,0,,0,0,0.9866,,0,0.430997,3.060802,0,181,,4,0.22242,1,0.038961,,0.971264,0,4,0,1,19,70,0,0,0,5,0
gating_off,44,89468643923203,human-state-adaptation.gating_off.r044.s89468643923203,sha256:ef7059f1c9708ae75624cc5d37f882166ab18375173ce0b2e82613e99a6637b0,sha256:f6ba40ca6c6c16e52bed159e2b32573e33f6a52c6bbf0db2b2009b58115a707e,70,max_ticks,,177,0.983333,177,41,0,0.016667,0,1,1,0,0,0.052506,0,,0,0,0.9879,,0,0.428207,3.670593,0,180,,3,0.222507,1,0.026316,,0.982759,0,3,0,1,19,70,0,0,0,3,0
gating_off,45,273687341752271,human-state-adaptation.gating_off.r045.s273687341752271,sha256:bcc11292697b86c3d7a14d63b15289242d65513d9427d761a444ce9d07ac284d,sha256:40bc8caae5507a0ff0f3d2f703196c2aec361b4a6f5a9bce90088078abf4f150,70,max_ticks,,183,0.994565,183,43,0,0.005435,0,1,1,0,0,0.134291,0,,0,0,0.9833,,0,0.424407,3.803689,0,184,,1,0.269597,1,0.006329,,0.988889,0,1,0,1,18,70,0,0,0,2,0
gating_off,46,93686719987323,human-state-adaptation.gating_off.r046.s93686719987323,sha256:cadaf4866b25c1fc71b5441b706bcaa52a2e3500143203001ca319d07291fa37,sha256:f58f8286551b894033c2dc76989181a8c6a9585851df213f53471575ff801c13,70,max_ticks,,175,0.977654,175,41,0,0.022346,0,1,1,0,0,0.105874,0,,0,0,0.9885,,0,0.42957,3.465258,0,179,,4,0.243782,1,0.033333,,0.988372,0,4,0,1,19,70,0,0,0,2,0
gating_off,47,221183479477087,human-state-adaptation.gating_off.r047.s221183479477087,sha256:c03f452369c61e038fa7896792f3a332050772ee041992a98f0b653de7d2be0f,sha256:3e57cd88e08305c63c9a47640d44d89cb5e76a84ea50d4c68052e8c4842b0b48,70,max_ticks,,175,0.977654,175,42,0,0.022346,0,1,1,0,0,0.139553,0,,0,0,0.9903,,0,0.431543,4.234432,0,179,,4,0.273153,1,0.026846,,0.988372,0,4,0,1,19,70,0,0,0,2,0
gating_off,48,119954792488507,human-state-adaptation.gating_off.r048.s119954792488507,sha256:21681005ae32c506ff9b53349cedac6838067077d5f9bce58788fe468fe5cc7f,sha256:3edc3b30595a0161a036033c6dccc7d4a11e2a946f235d99fb31d34565590fc6,70,max_ticks,,179,0.98895,179,42,0,0.01105,0,1,1,0,0,0.131328,0,,0,0,0.9878,,0,0.426596,3.321981,0,181,,2,0.216974,1,0.019608,,0.982955,0,2,0,1,19,70,0,0,0,3,0
gating_off,49,16915541824883,human-state-adaptation.gating_off.r049.s16915541824883,sha256:21cf5c2d212221520b8cf7a46822047f25afe825036456a9d302275a4968a50e,sha256:6fc0b73a434971b1747babd8426141c12f2c3ca8eb0514f7b01d745eba1e4326,70,max_ticks,,175,0.977654,175,42,0,0.022346,0,1,1,0,0,0.114388,0,,0,0,0.9883,,0,0.4313,3.130243,0,179,,4,0.250315,1,0.033333,,0.982558,0,4,0,1,19,70,0,0,0,3,0
gating_on,0,209512651886917,human-state-adaptation.gating_on.r000.s209512651886917,sha256:6815cce73a2a3285e4e03e99ec153a6923139a785151193461483d43a614441a,sha256:cc4e0d9d1ea15fec13e7e80918ada81b5389594b8c217c9d5460f647174abf9e,70,max_ticks,,181,0.796703,145,42,0,0.005495,0,1,1,0,0,0.907402,0,,0,0,0.9887,,0,0.424753,4.588524,0,182,,1,0.289897,1,0.006494,,0.985915,0,1,0,1,18,70,0,0,0,2,36
gating_on,1,206224540567593,human-state-adaptation.gating_on.r001.s206224540567593,sha256:a0b00fc5bce5799df493fd42863718b775a13f64ece0e86abd20d49330342b20,sha256:f0efb7d44618b21725cc9446c37ebcc3cb79225a6fd71f4886e29a7efbcea21c,70,max_ticks,,181,0.796703,145,42,0,0.005495,0,1,1,0,0,0.907742,0,,0,0,0.9868,,0,0.425759,4.114307,0,182,,1,0.290927,1,0.006494,,0.985915,0,1,0,1,18,70,0,0,0,2,36
gating_on,2,80153829221268,human-state-adaptation.gating_on.r002.s80153829221268,sha256:41ca3a8ed3eb4e76ca0b37c998e5d3b397b67189d5f8a157a6ca1ec521ada733,sha256:20813f205e76706c7febea1ebe2c1e086b45c52f7f181af39a0b77ff642e1c44,70,max_ticks,,181,0.796703,145,41,0,0.005495,0,1,1,0,0,0.907307,0,,0,0,0.9882,,0,0.424543,4.29922,0,182,,1,0.269263,1,0.006494,,0.985915,0,1,0,1,18,70,0,0,0,2,36
gating_on,3,133396325087927,human-state-adaptation.gating_on.r003.s133396325087927,sha256:4112b70da0c7576b11928e8d9cf4fef6b30c810b686c82bc3d6460d6e70d772d,sha256:8ff557de8bee48e89a87f08e8fb3082b3af12ef41f0e9ec0b69ca5826cbf3cdb,70,max_ticks,,181,0.796703,145,42,0,0.005495,0,1,1,0,0,0.906804,0,,0,0,0.99,,0,0.425397,4.561141,0,182,,1,0.268057,1,0.006494,,0.985915,0,1,0,1,18,70,0,0,0,2,36
gating_on,4,275964127463066,human-state-adaptation.gating_on.r004.s275964127463066,sha256:e5be3f1f8903667a95f8dd42f213bde75169295bc06c3abd1caf439179f9a4b6,sha256:c504ca44b5fb232483d89e1b0971ad4e8c654fb1068b609551b422008885c150,70,max_ticks,,181,0.796703,145,42,0,0.005495,0,1,1,0,0,0.906907,0,,0,0,0.9842,,0,0.425087,4.166119,0,182,,1,0.271457,1,0.006494,,0.985915,0,1,0,1,18,70,0,0,0,2,36
gating_on,5,79790914161492,human-state-adaptation.gating_on.r005.s79790914161492,sha256:513b5fa997579253d19f2f4cb862465cc82b2be7a8cc7edbcab6a0bee8b5ffa9,sha256:d273b76003215fc1f19a5e1cd0c9037b646b2ae2c1e8a49abf079221d0524ecc,70,max_ticks,,181,0.796703,145,42,0,0.005495,0,1,1,0,0,0.907523,0,,0,0,0.9877,,0,0.42401,4.519522,0,182,,1,0.288152,1,0.006494,,0.985915,0,1,0,1,18,70,0,0,0,2,36
gating_on,6,71458372685470,human-state-adaptation.gating_on.r006.s71458372685470,sha256:23a6e0ac26a6d076e242b679e800c326894806ac79b0887af02e59b732e64daf,sha256:dacac4b2c1fe89a56d356b7a1f26de59651d5cb97adb9a8e1fba9cca32cbbbf3,70,max_ticks,,181,0.796703,145,42,0,0.005495,0,1,1,0,0,0.907575,0,,0,0,0.9923,,0,0.42583,3.61375,0,182,,1,0.273815,1,0.006494,,0.985915,0,1,0,1,18,70,0,0,0,2,36
gating_on,7,235410597692046,human-state-adaptation.gating_on.r007.s235410597692046,sha256:8209bb8e9917cfcc61f089ca18a8e10a77c3d3c0e535b198abeff6d506e3b745,sha256:e782e4092c5c6830e32df5813ba8909c82759805c35a0a821e9a386a8d3f4b93,70,max_ticks,,183,0.803279,147,42,0,0,0,1,1,0,0,0.907246,0,,0,0,0.99,,0,0.422963,3.055675,0,183,,0,0.25893,1,0,,0.972222,0,0,0,1,18,70,0,0,0,4,36
gating_on,8,32879562245021,human-state-adaptation.gating_on.r008.s32879562245021,sha256:319035a8ff8e00276806d609fd01aff3c6e75d19a1930c10ef149b22b1aedc0c,sha256:2dcbc780b2ffd843001d7cf150a47c267cbd495a6aaee2da3c8a945b66f80f9d,70,max_ticks,,181,0.796703,145,42,0,0.005495,0,1,1,0,0,0.906016,0,,0,0,0.9843,,0,0.424597,5.12073,0,182,,1,0.271826,1,0.006494,,0.985915,0,1,0,1,18,70,0,0,0,2,36
gating_on,9,60211891500110,human-state-adaptation.gating_on.r009.s60211891500110,sha256:d18f7c077e370241aff01153e4fd67b631fdf7a519ec55093a470740c1577115,sha256:872a7c982dd758b8b411170166a5a0165fd6c508c90e6fa791b36c22673f279e,70,max_ticks,,181,0.796703,145,42,0,0.005495,0,1,1,0,0,0.906191,0,,0,0,0.9909,,0,0.426413,3.446024,0,182,,1,0.290283,1,0.006494,,0.985915,0,1,0,1,18,70,0,0,0,2,36
gating_on,10,264142007851285,human-state-adaptation.gating_on.r010.s264142007851285,sha256:519e190c06165b2c39a502d71af823c139206535e8d6e439535abdb5cec1066b,sha256:54d114724e1835f24c04d9630e5e4852149a3bf19540e8756ded88d905eb5ebe,70,max_ticks,,181,0.796703,145,41,0,0.005495,0,1,1,0,0,0.907206,0,,0,0,0.9894,,0,0.424697,4.132465,0,182,,1,0.294419,1,0.006494,,0.985915,0,1,0,1,18,70,0,0,0,2,36
gating_on,11,54281768369695,human-state-adaptation.gating_on.r011.s54281768369695,sha256:d083d2a80b2751f8b2c6e8bc3684e6aca829c50e929cafed8e2fb7a33a827537,sha256:51df907f2436c08ed60f6576feb528a0a64d5653630086f0825fdce07f6f8ef5,70,max_ticks,,184,0.804348,148,42,0,0,0,1,1,0,0,0.907231,0,,0,0,0.9865,,0,0.422907,3.054567,0,184,,0,0.263445,1,0,,0.986207,0,0,0,1,18,70,0,0,0,2,36
gating_on,12,262267637497716,human-state-adaptation.gating_on.r012.s262267637497716,sha256:3eae0ccd9ceade973d4067d912bcb3ab7263076dd599cfebf66a468f7b1bf002,sha256:8fea30b74e09e36a8d1fe65ab0abab38ffcd10013491e0d6e2e2db4f53ed81ae,70,max_ticks,,181,0.796703,145,42,0,0.005495,0,1,1,0,0,0.907961,0,,0,0,0.987,,0,0.42581,3.473377,0,182,,1,0.291064,1,0.006494,,0.985915,0,1,0,1,18,70,0,0,0,2,36
gating_on,13,78862091525878,human-state-adaptation.gating_on.r013.s78862091525878,sha256:2ccf70761edd94d0e1ef4e7a644abd3a33b5712be523247cee6b4352a68991f6,sha256:13ab87b2cca51a3acfae5fd66ea9a9f470c506f2cb26fac44800f382de5a7ded,70,max_ticks,,183,0.803279,147,42,0,0,0,1,1,0,0,0.905855,0,,0,0,0.9925,,0,0.422294,3.015785,0,183,,0,0.241495,1,0,,0.965278,0,0,0,1,18,70,0,0,0,5,36
gating_on,14,83640665882334,human-state-adaptation.gating_on.r014.s83640665882334,sha256:08c89163e33d20c2a87c723d1d1d38650cee5d19ca50984fb194cee34a9b80d3,sha256:9a3ca6ca8655208e3812142d6d8787e9b3f6526e77e445728d8c76fc1d390aee,70,max_ticks,,181,0.796703,145,41,0,0.005495,0,1,1,0,0,0.90769,0,,0,0,0.9913,,0,0.425526,3.642776,0,182,,1,0.273779,1,0.006494,,0.985915,0,1,0,1,18,70,0,0,0,2,36
gating_on,15,140046669539250,human-state-adaptation.gating_on.r015.s140046669539250,sha256:a7fab798b0ca48690517308555ab4a8bc8a55712c00c7e0f04cc2f9645b24b6f,sha256:d3e5fd1c33e09d7108b542402b6bd53f5e846b9a2740dbb27550b0e792676507,70,max_ticks,,181,0.796703,145,42,0,0.005495,0,1,1,0,0,0.907581,0,,0,0,0.9885,,0,0.42417,4.092385,0,182,,1,0.270737,1,0.006494,,0.985915,0,1,0,1,18,70,0,0,0,2,36
gating_on,16,134920221817483,human-state-adaptation.gating_on.r016.s134920221817483,sha256:f66f5cdce6ca4cfd4a71a05d216d4f4fbfc4ecdc220878f05c8af5554698307f,sha256:fb8915558c4157dd4250c1295ed59c21e2d13051e63aaa39185c2bc6bbaa944a,70,max_ticks,,181,0.796703,145,41,0,0.005495,0,1,1,0,0,0.907391,0,,0,0,0.9905,,0,0.425216,3.971395,0,182,,1,0.291405,1,0.006494,,0.985915,0,1,0,1,18,70,0,0,0,2,36
gating_on,17,216619147106273,human-state-adaptation.gating_on.r017.s216619147106273,sha256:ef2cb5f59139a58d146548aff2c67bbc9055bca0c730f427c717755da2eee91d,sha256:30f3fcc425568181103e715573cc5fcca399e9a2534426d69f281df9430070f0,70,max_ticks,,183,0.803279,147,42,0,0,0,1,1,0,0,0.906501,0,,0,0,0.9904,,0,0.42348,3.18773,0,183,,0,0.235132,1,0,,0.986111,0,0,0,1,18,70,0,0,0,2,36
gating_on,18,153662854534877,human-state-adaptation.gating_on.r018.s153662854534877,sha256:671d65966340dfcc71438040e8426e12e78588bcc7894ed022f692920720d993,sha256:5d0ad82fc0a1116ab35b9f09993d82e8b33d6f85ff9d96472433078f67041c63,70,max_ticks,,183,0.803279,147,42,0,0,0,1,1,0,0,0.906872,0,,0,0,0.9898,,0,0.421236,3.555513,0,183,,0,0.235683,1,0,,0.986111,0,0,0,1,18,70,0,0,0,2,36
gating_on,19,190200393866763,human-state-adaptation.gating_on.r019.s190200393866763,sha256:df891dae114b029ee4c2694b349e7d7f134f6d4e9d7850f98cfdd3df71d962e9,sha256:cf08a840f97314f6df30f01469d163560fd7ead1d7451acee6849466cac18c3c,70,max_ticks,,181,0.796703,145,42,0,0.005495,0,1,1,0,0,0.90832,0,,0,0,0.9927,,0,0.425323,3.763029,0,182,,1,0.273911,1,0.006494,,0.985915,0,1,0,1,18,70,0,0,0,2,36
gating_on,20,61276084987531,human-state-adaptation.gating_on.r020.s61276084987531,sha256:5d3536efa4974b41ddb193038f2df893ca44eed719353fdc2a68717b14685654,sha256:1edfffbb0c64a9d687dfa764ee2e796a1f42a768ef5b27aeb03d77e5b958632c,70,max_ticks,,181,0.796703,145,42,0,0.005495,0,1,1,0,0,0.90814,0,,0,0,0.9854,,0,0.42457,3.982247,0,182,,1,0.270007,1,0.006494,,0.985915,0,1,0,1,18,70,0,0,0,2,36
gating_on,21,165483914360488,human-state-adaptation.gating_on.r021.s165483914360488,sha256:f35ed32f6820e74cf172060d0fbf6403f80489b08bb2248224141979feca645f,sha256:dfefa25f9751eba7f547b96cdd82707c05c490929dfd3720240f5b5ff1d4dd41,70,max_ticks,,182,0.797814,146,42,0,0.005464,0,1,1,0,0,0.907681,0,,0,0,0.9894,,0,0.425291,3.981544,0,183,,1,0.301789,1,0.00641,,0.986014,0,1,0,1,18,70,0,0,0,2,36
gating_on,22,127182783615358,human-state-adaptation.gating_on.r022.s127182783615358,sha256:58d66b51f1557e7565e7198fe7615a9e0d9e64474960716280fb0f17b052e126,sha256:afa04eb38e333b0c6a260aa37a90222d9484c636391d31c08d044d93e70d3a49,70,max_ticks,,181,0.796703,145,41,0,0.005495,0,1,1,0,0,0.910967,0,,0,0,0.9931,,0,0.426091,4.847593,0,182,,1,0.264268,1,0.006494,,0.985915,0,1,0,1,18,70,0,0,0,2,36
gating_on,23,250275241738711,human-state-adaptation.gating_on.r023.s250275241738711,sha256:c1312e9ed18ac9f8a083063b55883d326cc44cf490bcb97991173291f6c33bcc,sha256:f1941ba02e74f232dbcf4c7044264a9b562cd616c118a047b0e6674c534846ce,70,max_ticks,,181,0.796703,145,42,0,0.005495,0,1,1,0,0,0.908245,0,,0,0,0.9892,,0,0.424807,3.587825,0,182,,1,0.293302,1,0.006494,,0.985915,0,1,0,1,18,70,0,0,0,2,36
gating_on,24,261963715165546,human-state-adaptation.gating_on.r024.s261963715165546,sha256:11537824cf13cd152d7e9007c787e61bd3d89dda0abeec1b6f94d0652d0282a5,sha256:0b1956d85f3529280397acda97860f705701e21bfcd0dddce4a923dbc2e11e8b,70,max_ticks,,181,0.796703,145,41,0,0.005495,0,1,1,0,0,0.905248,0,,0,0,0.9862,,0,0.424784,3.772927,0,182,,1,0.287255,1,0.006494,,0.985915,0,1,0,1,18,70,0,0,0,2,36
gating_on,25,257937908119295,human-state-adaptation.gating_on.r025.s257937908119295,sha256:4a52eed3dbb643b2d1df2bbcd466971ee02d276b2f5f5b446601b9b9fedf1a90,sha256:ffc7b13bec6ee9fad7a456488ca52ddbe18d716fbd2e0fce51d50090bd717bc9,70,max_ticks,,183,0.803279,147,42,0,0,0,1,1,0,0,0.907125,0,,0,0,0.99,,0,0.423301,4.315982,0,183,,0,0.238108,1,0,,0.986111,0,0,0,1,18,70,0,0,0,2,36
gating_on,26,198210665066436,human-state-adaptation.gating_on.r026.s198210665066436,sha256:435120c6171c90d24a3de7849765f6291c8e7be73579b664635bc5206f336dda,sha256:8a23eb1c0b0cc4e2b58bd10657cb705e8ad3d5ed333453cd143ef6c70331588f,70,max_ticks,,182,0.797814,146,42,0,0.005464,0,1,1,0,0,0.907759,0,,0,0,0.9897,,0,0.425713,4.516376,0,183,,1,0.276775,1,0.00641,,0.986014,0,1,0,1,18,70,0,0,0,2,36
gating_on,27,150124373855844,human-state-adaptation.gating_on.r027.s150124373855844,sha256:9802ebcc461c9052547195fb4310cda42320888981f3d8c5a2991a92122a9ece,sha256:8c831c20969c681e846079eda7f036e56ea83b06243736ab703ee3b48377de91,70,max_ticks,,181,0.796703,145,41,0,0.005495,0,1,1,0,0,0.907602,0,,0,0,0.9876,,0,0.425109,3.851847,0,182,,1,0.290974,1,0.006494,,0.985915,0,1,0,1,18,70,0,0,0,2,36
gating_on,28,138430690671781,human-state-adaptation.gating_on.r028.s138430690671781,sha256:b11c4421ead1761efe7b415ff057fbbbb329562fbb43eb9fece423ead7424e20,sha256:4a70e69af833cec2e3f1d257a98ff82689296778e446f4fc189e113905a8a97e,70,max_ticks,,181,0.796703,145,42,0,0.005495,0,1,1,0,0,0.908072,0,,0,0,0.9895,,0,0.424274,3.468873,0,182,,1,0.291338,1,0.006494,,0.985915,0,1,0,1,18,70,0,0,0,2,36
gating_on,29,61140601441707,human-state-adaptation.gating_on.r029.s61140601441707,sha256:e5975ec39611abb7d3129a7fa2188d557449086fd35f047e6ada20a20c87bc10,sha256:d44b0f68249b02c0a0bb4bc7fadf504a5721dd21de0baf1ba6cbc2f7b748f4ee,70,max_ticks,,181,0.796703,145,42,0,0.005495,0,1,1,0,0,0.906651,0,,0,0,0.9924,,0,0.425564,4.030191,0,182,,1,0.287331,1,0.006494,,0.985915,0,1,0,1,18,70,0,0,0,2,36
gating_on,30,249516937775013,human-state-adaptation.gating_on.r030.s249516937775013,sha256:0b411564c8ece6eb4fb0c0323ff011262aae9daeb8bdc820bddfa07e18011b20,sha256:a4f1e899d61878e177c6a63c59b6d9f4b53180d0a6603ec67eaaddd7ff09efad,70,max_ticks,,183,0.803279,147,41,0,0,0,1,1,0,0,0.906658,0,,0,0,0.9923,,0,0.423604,4.498282,0,183,,0,0.238909,1,0,,0.986111,0,0,0,1,18,70,0,0,0,2,36
gating_on,31,149075997398362,human-state-adaptation.gating_on.r031.s149075997398362,sha256:762356befe7c81d27a32679f0338d9f38b6e9e006df27047d7ece582e9b4881c,sha256:7fc707eca9c3b76fc149133665dd1132acbcb97ea3280bc8b30ba96b3fcfc760,70,max_ticks,,181,0.796703,145,42,0,0.005495,0,1,1,0,0,0.907582,0,,0,0,0.9851,,0,0.424944,4.161812,0,182,,1,0.290674,1,0.006494,,0.985915,0,1,0,1,18,70,0,0,0,2,36
gating_on,32,206777490093124,human-state-adaptation.gating_on.r032.s206777490093124,sha256:f5de43bd4329c5895e7ad156218dcc5107bc29a7429ee82903372237132e1a5f,sha256:4b7b344095d087720ef2aaf841b979820fb9a4d0d6302e611b0bc65430f64b8d,70,max_ticks,,180,0.79558,144,41,0,0.005525,0,1,1,0,0,0.90799,0,,0,0,0.9906,,0,0.425213,3.388916,0,181,,1,0.307004,1,0.006579,,0.985816,0,1,0,1,18,70,0,0,0,2,36
gating_on,33,6420649136846,human-state-adaptation.gating_on.r033.s6420649136846,sha256:f95981c35e8fb7d20ab16845c60632497dc0aee7b37389eaf144c92587c4d31a,sha256:c26bab47e8476cd1cd03e407d32142427d8f1bcff8ae7f892fcddbd837514691,70,max_ticks,,181,0.796703,145,42,0,0.005495,0,1,1,0,0,0.907275,0,,0,0,0.985,,0,0.424604,4.392478,0,182,,1,0.273761,1,0.006494,,0.985915,0,1,0,1,18,70,0,0,0,2,36
gating_on,34,99472766075293,human-state-adaptation.gating_on.r034.s99472766075293,sha256:113e4a7d2dc3f05b5c39e2726af0059e5440476abe40bfd71a65b20ec42c764e,sha256:fd3d497d12011a59168f1c8bc66f96ac250e6d1be20e857cb68d9ab5ec5b7056,70,max_ticks,,181,0.796703,145,42,0,0.005495,0,1,1,0,0,0.907651,0,,0,0,0.9895,,0,0.425849,3.73209,0,182,,1,0.294346,1,0.006494,,0.985915,0,1,0,1,18,70,0,0,0,2,36
gating_on,35,89618050816368,human-state-adaptation.gating_on.r035.s89618050816368,sha256:718bef07fec54309262cf4aa7d5ccb4ffb1d9fc962d3825cd2036130fffcc389,sha256:e7c405ce26290a74cf61040c2742d55c371151e041981532e8fac8d63fd658d1,70,max_ticks,,183,0.803279,147,42,0,0,0,1,1,0,0,0.905922,0,,0,0,0.992,,0,0.42239,3.570741,0,183,,0,0.239239,1,0,,0.986111,0,0,0,1,18,70,0,0,0,2,36
gating_on,36,38142746923832,human-state-adaptation.gating_on.r036.s38142746923832,sha256:e8469b95f955975f18f4fe42485d0f043b8cabdbf81c2f55974be00fd34249e8,sha256:363fe49d19d10a7e03bd788e41897fc85127b6cd6c2fba14d953b92b54a4fb1e,70,max_ticks,,182,0.797814,146,42,0,0.005464,0,1,1,0,0,0.906786,0,,0,0,0.9841,,0,0.425717,3.806835,0,183,,1,0.314173,1,0.00641,,0.986014,0,1,0,1,18,70,0,0,0,2,36
gating_on,37,18991285076314,human-state-adaptation.gating_on.r037.s18991285076314,sha256:9f50a8172fe948628bc0d1c8209c3c07a76e2e21f8c78d5d38714ca752522f3e,sha256:1d4807d64db140aa213fd18ebb1196b936df50e5e2a71816ddc1c776b41a44f5,70,max_ticks,,181,0.796703,145,41,0,0.005495,0,1,1,0,0,0.90754,0,,0,0,0.9883,,0,0.424357,4.196852,0,182,,1,0.269187,1,0.006494,,0.985915,0,1,0,1,18,70,0,0,0,2,36
gating_on,38,99443802667412,human-state-adaptation.gating_on.r038.s99443802667412,sha256:b4decfa10fa310a782e752b4c1ab065de34d773dad63e9bc68089559dabab3c6,sha256:828118b1ad02ac5f3406cb46a5380b0ba1fc89917d9b8ebfc76e0c5f7d1611c5,70,max_ticks,,181,0.796703,145,42,0,0.005495,0,1,1,0,0,0.907646,0,,0,0,0.9919,,0,0.424831,3.932924,0,182,,1,0.288349,1,0.006494,,0.985915,0,1,0,1,18,70,0,0,0,2,36
gating_on,39,224187169535079,human-state-adaptation.gating_on.r039.s224187169535079,sha256:4d01d3e330ed961fe165a22e7b058b9fed4087f4ee9d4b157c4799604810c118,sha256:488edef76e7766ceaa3b35d6fafa3cdb3aec27a5c3fa99ff4ac9e151fdf8ec91,70,max_ticks,,182,0.797814,146,42,0,0.005464,0,1,1,0,0,0.907451,0,,0,0,0.9922,,0,0.42444,4.276951,0,183,,1,0.294894,1,0.00641,,0.986014,0,1,0,1,18,70,0,0,0,2,36
gating_on,40,46161781843096,human-state-adaptation.gating_on.r040.s46161781843096,sha256:9a1c3d249a3e57210b000e4a92cd1c20155b4dc5d9360f071d1d1c0008b444ad,sha256:9d59605bcf90704e00b521ad2f007e68dc5d58505ff773deb35e45731496b5ee,70,max_ticks,,180,0.79558,144,41,0,0.005525,0,1,1,0,0,0.908106,0,,0,0,0.987,,0,0.423899,4.135906,0,181,,1,0.284406,1,0.006579,,0.985816,0,1,0,1,18,70,0,0,0,2,36
gating_on,41,106429728649121,human-state-adaptation.gating_on.r041.s106429728649121,sha256:19c4a422d4f7b3dc6ae06400bf733ccf67372a35a507d5f777761eba5c8feb89,sha256:2fc0b03dbf4af1264fe3cf6de8bee55b903487cfac4ca82075c0af14b886824a,70,max_ticks,,181,0.796703,145,42,0,0.005495,0,1,1,0,0,0.907087,0,,0,0,0.992,,0,0.424984,3.597051,0,182,,1,0.276695,1,0.006494,,0.985915,0,1,0,1,18,70,0,0,0,2,36
gating_on,42,238459529341382,human-state-adaptation.gating_on.r042.s238459529341382,sha256:a836cb89215430e9af76329413215f84aa672b75e9e39498b0bd9b1752515779,sha256:821045279db69db9e271b0f4bf2b21de08e34f4c22631bdf291597c59281a352,70,max_ticks,,182,0.797814,146,42,0,0.005464,0,1,1,0,0,0.9077,0,,0,0,0.9873,,0,0.425896,4.956327,0,183,,1,0.275978,1,0.00641,,0.986014,0,1,0,1,18,70,0,0,0,2,36
gating_on,43,129265943656420,human-state-adaptation.gating_on.r043.s129265943656420,sha256:410218370a65671c328192dcce234e1ce680b249dfeaedf78526709ebc8e14db,sha256:8ee92a1b0f6fa0e35423fdba39b476f181ed1f64a3979e4ba630f217b1fac477,70,max_ticks,,181,0.796703,145,42,0,0.005495,0,1,1,0,0,0.908055,0,,0,0,0.9866,,0,0.42385,4.191167,0,182,,1,0.290027,1,0.006494,,0.985915,0,1,0,1,18,70,0,0,0,2,36
gating_on,44,89468643923203,human-state-adaptation.gating_on.r044.s89468643923203,sha256:574e260fa081b034ebd1372c1dbe4829782f30919e725dd5bb1e41774e823e6d,sha256:bc6bc511729b9cffc0b8eaeb967bfc199da9e77e14522a3e93097ac3c0831961,70,max_ticks,,181,0.796703,145,41,0,0.005495,0,1,1,0,0,0.907589,0,,0,0,0.988,,0,0.425151,4.339821,0,182,,1,0.290199,1,0.006494,,0.985915,0,1,0,1,18,70,0,0,0,2,36
gating_on,45,273687341752271,human-state-adaptation.gating_on.r045.s273687341752271,sha256:1efef14120a86909373080b2f9496756e299a2e4f90423aa92c6faa29231f2ec,sha256:edffd0c3e3b10987c8ce7bca3a395e213fc6440b5607b44f1b28f4481900af34,70,max_ticks,,181,0.796703,145,41,0,0.005495,0,1,1,0,0,0.907128,0,,0,0,0.9833,,0,0.42441,4.601826,0,182,,1,0.273925,1,0.006494,,0.985915,0,1,0,1,18,70,0,0,0,2,36
gating_on,46,93686719987323,human-state-adaptation.gating_on.r046.s93686719987323,sha256:ed0943f0629bc45df22495ecb4c80f4421edd838028e65f377e919d7d70c1b62,sha256:6e401cb517f6ff41b5a0aa417a2c2fa7683a94264f1ba6da1c6481aee63a5bc8,70,max_ticks,,181,0.796703,145,41,0,0.005495,0,1,1,0,0,0.907554,0,,0,0,0.9885,,0,0.424449,4.051789,0,182,,1,0.272488,1,0.006494,,0.985915,0,1,0,1,18,70,0,0,0,2,36
gating_on,47,221183479477087,human-state-adaptation.gating_on.r047.s221183479477087,sha256:698e4c0fb7f1c12841a7fd2aa3a5c8c6f5b5f02d2c952e332de8198a0cab6f4f,sha256:8ba5a0b38bd0bf6fbddb909f729d509399dd341659173514643b03054d3b677f,70,max_ticks,,181,0.796703,145,42,0,0.005495,0,1,1,0,0,0.907165,0,,0,0,0.9903,,0,0.42607,4.388323,0,182,,1,0.274625,1,0.006494,,0.985915,0,1,0,1,18,70,0,0,0,2,36
gating_on,48,119954792488507,human-state-adaptation.gating_on.r048.s119954792488507,sha256:78604ec3b8b5b475deaaed6455b8660e0bd0e70076a3443bf2053f9604a4e767,sha256:0dce322da132c7030f8177c4147c8efad4446ed3b996819b7879e3d69c5773ee,70,max_ticks,,183,0.803279,147,42,0,0,0,1,1,0,0,0.90608,0,,0,0,0.9878,,0,0.42183,3.072604,0,183,,0,0.23902,1,0,,0.986111,0,0,0,1,18,70,0,0,0,2,36
gating_on,49,16915541824883,human-state-adaptation.gating_on.r049.s16915541824883,sha256:08d90f6c7315b22a613282acc034e47addb87d9821e3a64818c6099081755568,sha256:ef527493ecda29887a3b4de0ee9f893a9b88594e542e7e1aa9cee76933a2e4fe,70,max_ticks,,181,0.796703,145,42,0,0.005495,0,1,1,0,0,0.907026,0,,0,0,0.9883,,0,0.425473,3.858277,0,182,,1,0.27163,1,0.006494,,0.985915,0,1,0,1,18,70,0,0,0,2,36
